{"cameraMode":{"drawMode":0,"name":"Shaded","section":"Shading Mode"},"sceneLighting":true,"audioPlay":false,"sceneViewState":{"m_AlwaysRefresh":false,"showFog":true,"showSkybox":true,"showFlares":true,"showImageEffects":true,"showParticleSystems":true,"showVisualEffectGraphs":true,"m_FxEnabled":true},"in2DMode":false,"pivot":{"x":-19.206466674804689,"y":20.85517120361328,"z":-0.0081559419631958},"rotation":{"x":0.11854030191898346,"y":-0.015996256843209268,"z":-0.0019559557549655439,"w":-0.9928471446037293},"size":20.626178741455079,"orthographic":false}